Date;Prod. CH4 totale;Ensilage de CIVE;Ensilage de Mais;Fumier Bovin;Graisse de Flottation;Lisier Porc;Mat. Stercoaire
01/01/2013;1012;960;1020;700;7290;6000;1900
02/01/2013;1001;840;1140;1000;7110;6200;2100
03/01/2013;1017;960;1260;800;6480;6000;2200
04/01/2013;1003;840;1020;800;6660;6200;2200
05/01/2013;1031;900;1140;600;6120;5800;2100
06/01/2013;981.8;720;1080;700;6660;6100;2200
07/01/2013;1000;720;1140;700;6570;6000;2100
08/01/2013;998.4;900;1020;700;6120;5900;1900
09/01/2013;985.5;720;1020;1000;7290;6100;2000
10/01/2013;1018;960;1260;800;7380;6000;2200
11/01/2013;987.6;900;1260;900;5940;6000;1900
12/01/2013;991;780;1140;800;6750;5800;1800
13/01/2013;1010;780;1080;900;6570;5900;2100
14/01/2013;1003;840;1020;700;6570;5800;1900
15/01/2013;1006;900;1260;900;7200;6000;2100
16/01/2013;1013;840;1080;600;7560;6100;2200
17/01/2013;1004;720;1020;600;6570;6000;2100
18/01/2013;1031;780;1080;1000;8010;6100;1900
19/01/2013;1029;840;1080;900;7020;6000;2100
20/01/2013;984.6;780;1260;600;7920;6100;2200
21/01/2013;1004;780;1320;900;5940;6100;2200
22/01/2013;1023;720;1260;800;8010;6200;1800
23/01/2013;1022;660;1140;900;7560;6100;1800
24/01/2013;991.5;960;1080;600;6390;6200;1900
25/01/2013;994.2;960;1260;800;5850;5800;1800
26/01/2013;999.4;840;1260;800;7830;5800;1900
27/01/2013;1029;960;1080;700;6750;5800;1900
28/01/2013;1011;780;1020;600;5850;6100;2100
29/01/2013;991.2;960;1140;1000;7020;6100;2000
30/01/2013;998.5;780;1080;1000;6120;5800;2100
31/01/2013;985.8;900;1200;600;8010;6100;2200
01/02/2013;975.6;840;1020;700;7920;6000;1700
02/02/2013;945.8;900;1080;900;7560;6100;1800
03/02/2013;935.3;720;1080;900;6840;5700;1600
04/02/2013;952.9;960;1200;1100;8190;6200;1600
05/02/2013;946.5;780;1020;1100;7380;5900;1600
06/02/2013;975.2;960;1020;800;7200;6000;1500
07/02/2013;976.5;900;1200;800;6840;6100;1700
08/02/2013;976.2;900;1020;700;8280;6200;1500
09/02/2013;932.2;960;1080;1000;6660;5700;1800
10/02/2013;945.1;900;1020;1100;8190;6200;1900
11/02/2013;950.6;720;1020;800;8010;6000;1700
12/02/2013;973.6;780;1080;1000;7290;6000;1600
13/02/2013;969.4;900;1260;1100;7020;5700;1400
14/02/2013;947.6;720;1020;1000;7740;5900;1600
15/02/2013;944.1;960;1080;1000;6840;6200;1800
16/02/2013;938.6;780;1080;1100;6480;6100;1600
17/02/2013;966.9;720;1080;900;7650;5800;1400
18/02/2013;956.6;720;1260;700;6300;5800;1400
19/02/2013;971.4;720;1260;900;7200;5900;1400
20/02/2013;975.3;780;1020;700;8280;5700;1400
21/02/2013;946;840;1140;1000;7560;5700;1900
22/02/2013;980.5;660;1140;1100;6930;6000;1700
23/02/2013;942.1;960;1260;1000;6930;6100;1400
24/02/2013;953.6;780;1140;800;7830;6100;1800
25/02/2013;980.3;900;1140;1000;8460;6000;1500
26/02/2013;929.1;900;1260;900;6930;5800;1700
27/02/2013;942;840;1200;900;7920;5800;1700
28/02/2013;957.3;900;1140;900;8190;5800;1400
01/03/2013;1188;840;1260;600;6660;6100;900
02/03/2013;1108;840;1020;700;5850;6100;1000
03/03/2013;1135;660;1080;700;6390;5900;1000
04/03/2013;1126;840;1020;600;6930;6100;1000
05/03/2013;1212;960;1080;900;6840;6100;1000
06/03/2013;1183;720;1320;700;6660;6200;1000
07/03/2013;1157;780;1080;500;7200;6200;900
08/03/2013;1136;720;1080;800;6840;6100;1000
09/03/2013;1175;900;1020;600;6300;5900;800
10/03/2013;1129;840;1200;500;6480;5700;1000
11/03/2013;1198;780;1080;900;7650;6100;1000
12/03/2013;1157;840;1140;500;5940;6200;1100
13/03/2013;1187;720;1260;900;7380;6100;1000
14/03/2013;1133;960;1020;700;7110;6100;1000
15/03/2013;1237;780;1080;900;6480;5900;800
16/03/2013;1164;660;1080;1000;7740;5900;900
17/03/2013;1230;720;1200;800;6750;5800;800
18/03/2013;1138;720;1260;700;5850;5800;700
19/03/2013;1199;720;1020;800;7650;5900;1200
20/03/2013;1182;660;1140;800;7290;5900;1100
21/03/2013;1236;900;1260;700;6660;6000;900
22/03/2013;1202;780;1020;900;7740;5800;900
23/03/2013;1132;900;1260;1000;6570;5700;900
24/03/2013;1222;780;1020;600;7110;5800;900
25/03/2013;1237;780;1320;900;7110;5700;1000
26/03/2013;1257;900;1020;700;7830;5900;900
27/03/2013;1210;660;1200;600;6030;5800;800
28/03/2013;1201;720;1260;700;7920;6100;800
29/03/2013;1253;780;1080;600;6570;6200;800
30/03/2013;1242;720;1020;900;5850;6100;1100
31/03/2013;1249;900;1080;700;7020;5800;1200
01/04/2013;1173;960;1200;0;6300;5900;1800
02/04/2013;1137;960;1080;0;8100;5900;1800
03/04/2013;1162;720;1080;0;7830;5900;1700
04/04/2013;1253;780;1200;0;7110;6100;1700
05/04/2013;1153;960;1140;0;7470;6000;1900
06/04/2013;1145;780;1020;0;6570;5800;1800
07/04/2013;1133;840;1320;0;7290;6000;1600
08/04/2013;1251;960;1020;0;7380;6100;1700
09/04/2013;1164;660;1140;0;8190;6000;1700
10/04/2013;1175;780;1200;0;7650;5800;1700
11/04/2013;1202;840;1080;0;6120;6000;1800
12/04/2013;1219;720;1260;0;6120;5800;1900
13/04/2013;1217;720;1080;0;7110;6100;1400
14/04/2013;1198;720;1140;0;7830;5700;1600
15/04/2013;1130;780;1020;0;6390;5900;1500
16/04/2013;1165;900;1140;0;7470;6000;1600
17/04/2013;1201;780;1080;0;6840;6100;1800
18/04/2013;1164;840;1140;0;6120;5900;1700
19/04/2013;1209;780;1200;0;7380;6200;1900
20/04/2013;1168;720;1080;0;6930;5700;1700
21/04/2013;1238;960;1320;0;6840;5900;1400
22/04/2013;1159;840;1260;0;6210;5900;1600
23/04/2013;1208;780;1080;0;6390;6100;1500
24/04/2013;1256;780;1140;0;6930;6000;1900
25/04/2013;1132;960;1260;0;7650;6100;1900
26/04/2013;1213;840;1080;0;7830;6100;1900
27/04/2013;1233;840;1260;0;6840;6000;1700
28/04/2013;1211;960;1080;0;7650;6000;1600
29/04/2013;1200;960;1140;0;6480;5700;1600
30/04/2013;1177;960;1260;0;6660;6200;1800
01/05/2013;1238;900;1080;0;7830;6000;1100
02/05/2013;1132;720;1320;0;7560;5900;900
03/05/2013;1216;900;1260;0;6300;6000;800
04/05/2013;1214;780;1260;0;7560;5800;1000
05/05/2013;1143;960;1200;0;6750;6000;1100
06/05/2013;1210;840;1140;0;8280;5800;1000
07/05/2013;1241;840;1140;0;7560;5900;800
08/05/2013;1196;900;1020;0;6300;5800;900
09/05/2013;1157;900;1260;0;7110;6100;1300
10/05/2013;1143;840;1260;0;6570;6000;1100
11/05/2013;1156;720;1200;0;7200;6200;900
12/05/2013;1182;720;1140;0;8280;6100;1200
13/05/2013;1130;840;1080;0;7740;6000;1000
14/05/2013;1175;840;1260;0;6120;6200;1300
15/05/2013;1167;720;1140;0;6660;6000;900
16/05/2013;1204;900;1020;0;6210;6000;1000
17/05/2013;1142;960;1260;0;7650;5700;1000
18/05/2013;1252;780;1260;0;7380;6100;900
19/05/2013;1144;720;1020;0;7200;6000;900
20/05/2013;1207;840;1260;0;6660;5900;900
21/05/2013;1203;960;1200;0;6570;5800;1000
22/05/2013;1226;840;1020;0;7380;5700;1100
23/05/2013;1258;720;1080;0;7200;6100;1300
24/05/2013;1148;840;1200;0;6930;5700;1200
25/05/2013;1179;720;1200;0;6930;6000;1000
26/05/2013;1202;780;1140;0;6210;5800;1200
27/05/2013;1250;720;1260;0;6930;5700;1300
28/05/2013;1136;720;1140;0;7920;5900;1000
29/05/2013;1226;780;1140;0;7470;5900;1000
30/05/2013;1259;720;1140;0;6120;5700;1200
31/05/2013;1207;960;1200;0;8190;6100;800
01/06/2013;1339;960;1080;800;8190;5700;1100
02/06/2013;1296;840;1080;1000;6390;6100;1000
03/06/2013;1410;780;1200;800;6660;5900;1100
04/06/2013;1398;780;1140;600;7740;5900;1000
05/06/2013;1318;900;1020;600;7200;6100;1000
06/06/2013;1385;960;1260;1000;6120;5800;900
07/06/2013;1391;960;1020;900;7920;6200;1100
08/06/2013;1380;900;1200;600;7470;5700;1200
09/06/2013;1355;660;1080;1000;7200;5700;900
10/06/2013;1356;840;1140;1000;8190;5900;1100
11/06/2013;1387;960;1140;800;7560;5900;1000
12/06/2013;1406;840;1200;1000;7650;5700;1200
13/06/2013;1307;720;1260;700;6480;5900;800
14/06/2013;1288;780;1020;700;7740;6000;1200
15/06/2013;1362;720;1260;800;6660;6100;900
16/06/2013;1408;900;1320;600;6840;5700;900
17/06/2013;1336;900;1200;600;6930;5700;1100
18/06/2013;1357;900;1020;1000;6480;5900;1100
19/06/2013;1313;780;1260;1000;8190;5700;1200
20/06/2013;1380;720;1140;700;7650;6200;1000
21/06/2013;1387;720;1020;1000;6750;5700;800
22/06/2013;1311;720;1260;800;6570;5700;1000
23/06/2013;1307;900;1260;900;6930;5900;800
24/06/2013;1335;900;1140;800;6570;5900;1000
25/06/2013;1294;780;1080;800;6660;6000;1300
26/06/2013;1403;900;1200;600;7110;6000;1000
27/06/2013;1399;900;1140;800;7380;5800;900
28/06/2013;1416;900;1080;900;7650;6200;1200
29/06/2013;1320;780;1020;1000;6390;6200;900
30/06/2013;1319;840;1140;700;8190;6100;1000
01/07/2013;1538;720;1320;600;7470;5900;1400
02/07/2013;1540;780;1260;1000;8010;5700;1300
03/07/2013;1553;720;1020;900;7740;5700;1600
04/07/2013;1556;840;1260;1000;7200;5700;1200
05/07/2013;1496;960;1140;700;7920;6000;1300
06/07/2013;1571;900;1080;600;6210;6000;1200
07/07/2013;1550;840;1320;600;7920;5700;1600
08/07/2013;1505;780;1260;500;7470;5900;1600
09/07/2013;1565;720;1020;900;8280;6000;1500
10/07/2013;1573;960;1140;1000;7470;5900;1500
11/07/2013;1513;960;1080;800;8010;5900;1200
12/07/2013;1560;960;1080;800;7830;6000;1200
13/07/2013;1532;780;1020;800;6570;6200;1400
14/07/2013;1549;900;1080;800;7020;6000;1600
15/07/2013;1498;840;1200;600;7200;6100;1400
16/07/2013;1563;840;1260;500;6660;5800;1200
17/07/2013;1533;720;1080;600;6120;6200;1600
18/07/2013;1543;720;1200;700;6660;5800;1400
19/07/2013;1537;900;1200;500;6120;5900;1300
20/07/2013;1534;660;1020;700;8190;5900;1600
21/07/2013;1507;900;1020;1000;6750;6100;1400
22/07/2013;1574;780;1200;600;6840;5800;1200
23/07/2013;1528;960;1260;1000;7740;6200;1200
24/07/2013;1563;840;1080;800;8280;5900;1300
25/07/2013;1503;960;1020;500;6480;5700;1600
26/07/2013;1547;720;1140;700;6750;5700;1400
27/07/2013;1510;900;1260;600;8280;5700;1400
28/07/2013;1548;840;1260;1000;7650;5900;1400
29/07/2013;1498;780;1020;600;6840;6200;1600
30/07/2013;1560;900;1260;1000;8190;6000;1500
31/07/2013;1548;960;1020;800;7920;6100;1500
01/08/2013;1790;780;1080;700;6120;6100;1200
02/08/2013;1769;840;1080;600;7290;5700;1100
03/08/2013;1791;960;1200;600;7380;5700;1600
04/08/2013;1799;960;1020;800;7200;6000;1500
05/08/2013;1834;900;1080;700;6660;6200;1600
06/08/2013;1781;720;1200;1000;6750;6200;1400
07/08/2013;1728;960;1200;900;6210;6000;1400
08/08/2013;1785;780;1020;900;8190;6200;1300
09/08/2013;1819;840;1200;600;7470;5900;1200
10/08/2013;1757;960;1200;1000;6210;5800;1400
11/08/2013;1773;840;1140;600;7380;5900;1300
12/08/2013;1755;720;1080;700;7560;5900;1300
13/08/2013;1768;720;1140;600;7110;5800;1100
14/08/2013;1777;780;1020;1000;7470;5700;1300
15/08/2013;1745;900;1020;700;7020;5800;1300
16/08/2013;1758;720;1200;800;7380;6200;1400
17/08/2013;1784;780;1200;600;8010;5900;1600
18/08/2013;1779;780;1080;700;7020;6100;1300
19/08/2013;1796;780;1140;900;7560;6000;1500
20/08/2013;1824;840;1140;900;7650;6000;1600
21/08/2013;1760;840;1260;900;6210;6000;1200
22/08/2013;1754;960;1020;1000;6210;6000;1500
23/08/2013;1822;780;1140;700;6480;5900;1400
24/08/2013;1827;900;1140;900;7560;6200;1200
25/08/2013;1789;960;1080;700;6300;6100;1300
26/08/2013;1799;720;1140;700;7380;5900;1300
27/08/2013;1741;720;1200;700;8010;6200;1300
28/08/2013;1803;840;1260;900;6210;6200;1100
29/08/2013;1802;660;1080;700;7110;5900;1500
30/08/2013;1742;720;1080;800;6570;5900;1300
31/08/2013;1786;840;1260;700;7470;5700;1300
01/09/2013;1850;840;1140;1000;7470;6100;1200
02/09/2013;1844;840;1020;800;7740;6100;1000
03/09/2013;1909;720;1140;700;7920;6100;1200
04/09/2013;1765;840;1020;700;8190;6100;1300
05/09/2013;1874;840;1200;1000;6120;6000;1300
06/09/2013;1864;960;1200;1000;6570;5900;1000
07/09/2013;1827;900;1080;900;6300;6100;1200
08/09/2013;1896;720;1080;1000;6930;5900;1000
09/09/2013;1790;780;1080;700;7290;6000;1000
10/09/2013;1823;900;1080;1000;8190;6000;1200
11/09/2013;1778;840;1200;800;7110;6000;1400
12/09/2013;1761;780;1140;600;6480;6100;1200
13/09/2013;1843;720;1140;900;7380;6000;1400
14/09/2013;1812;780;1260;1000;7110;5800;1400
15/09/2013;1898;720;1020;800;7830;5700;1200
16/09/2013;1908;660;1140;800;7920;6200;1000
17/09/2013;1820;840;1080;900;7380;6200;1000
18/09/2013;1771;660;1020;800;6660;6000;1000
19/09/2013;1845;840;1080;700;7740;6100;1000
20/09/2013;1819;780;1140;800;7920;5700;1000
21/09/2013;1830;900;1200;800;7740;5900;1200
22/09/2013;1885;900;1080;600;7650;5800;1000
23/09/2013;1873;720;1260;900;6840;5900;1100
24/09/2013;1796;660;1140;600;8280;5800;1200
25/09/2013;1909;900;1260;900;8190;6000;1200
26/09/2013;1896;780;1020;1000;7200;5900;1200
27/09/2013;1915;720;1080;700;6660;6100;1000
28/09/2013;1881;720;1200;700;6210;5800;1200
29/09/2013;1773;780;1020;600;8280;6100;1100
30/09/2013;1901;720;1080;700;8190;5900;1300
01/10/2013;1696;660;1260;0;6480;5800;1700
02/10/2013;1709;900;1020;0;6840;6000;1400
03/10/2013;1676;840;1080;0;8280;5800;1500
04/10/2013;1729;720;1080;0;6480;6000;1600
05/10/2013;1691;900;1260;0;8100;5800;1600
06/10/2013;1759;840;1200;0;7650;6100;1600
07/10/2013;1694;780;1260;0;8190;5800;1600
08/10/2013;1696;900;1140;0;7470;5900;1500
09/10/2013;1754;780;1080;0;8010;5800;1900
10/10/2013;1753;960;1260;0;6300;6000;1900
11/10/2013;1635;780;1200;0;7200;5900;1600
12/10/2013;1628;840;1200;0;6210;6000;1900
13/10/2013;1672;960;1020;0;6840;6100;1700
14/10/2013;1745;720;1080;0;6750;6000;1900
15/10/2013;1698;840;1140;0;6210;5900;1800
16/10/2013;1050;780;1140;0;6120;6000;1800
17/10/2013;1103;660;1200;0;7380;6000;1700
18/10/2013;1076;780;1200;0;7470;6200;1800
19/10/2013;1760;960;1140;0;7650;5700;1800
20/10/2013;1722;840;1080;0;7830;5800;1600
21/10/2013;1764;840;1080;0;7020;6100;1800
22/10/2013;1661;780;1200;0;6300;6100;1800
23/10/2013;1648;900;1140;0;6750;6200;1500
24/10/2013;1771;900;1200;0;6210;5800;1800
25/10/2013;1721;720;1200;0;6390;6100;1800
26/10/2013;1749;720;1200;0;6210;5700;1600
27/10/2013;1736;660;1200;0;7470;6000;1800
28/10/2013;1633;780;1140;0;7020;6000;1800
29/10/2013;1632;780;1080;0;6480;5900;1800
30/10/2013;1734;900;1140;0;6120;5900;1600
31/10/2013;1670;960;1080;0;6840;6000;1700
01/11/2013;1697;780;1020;1100;6390;5800;1500
02/11/2013;1837;840;1140;700;6570;6100;1600
03/11/2013;1695;900;1080;800;6750;6000;1700
04/11/2013;1822;780;1080;1100;6030;6100;1600
05/11/2013;1827;900;1200;700;6750;6100;1700
06/11/2013;1760;720;1200;700;7020;5700;1600
07/11/2013;1766;900;1080;900;7560;5900;1700
08/11/2013;1793;900;1200;600;7110;5800;1400
09/11/2013;1776;840;1260;900;7470;5900;1600
10/11/2013;1750;720;1200;900;6930;5800;1400
11/11/2013;1778;720;1140;800;6120;6000;1500
12/11/2013;1807;720;1260;900;7380;6200;1700
13/11/2013;1695;960;1140;700;8010;5900;1300
14/11/2013;1773;840;1140;700;6030;6000;1700
15/11/2013;1804;780;1140;1000;7650;6100;1500
16/11/2013;1754;900;1020;800;6300;5800;1700
17/11/2013;1822;960;1320;1100;6840;6100;1400
18/11/2013;1822;960;1140;800;6930;6200;1400
19/11/2013;1804;840;1200;1000;7290;6200;1700
20/11/2013;1776;840;1020;1100;6030;6100;1600
21/11/2013;1708;900;1140;700;7380;6200;1600
22/11/2013;1713;660;1140;800;7380;6100;1300
23/11/2013;1695;780;1260;1100;5850;6000;1600
24/11/2013;1698;900;1260;900;5850;6000;1300
25/11/2013;1821;720;1020;1000;6750;6000;1400
26/11/2013;1691;840;1200;700;6390;6100;1400
27/11/2013;1728;900;1260;700;6930;5900;1500
28/11/2013;1766;720;1200;700;6480;5700;1700
29/11/2013;1820;780;1140;700;7200;6100;1600
30/11/2013;1731;660;1200;1100;5940;5800;1400
01/12/2013;1759;900;1200;0;6300;6000;1700
02/12/2013;1680;720;1140;0;7560;6100;1800
03/12/2013;1806;780;1080;0;6300;6200;1900
04/12/2013;1677;900;1320;0;6030;5700;1700
05/12/2013;1723;960;1320;0;8010;5900;1600
06/12/2013;1710;900;1200;0;6660;6100;1600
07/12/2013;1801;720;1140;0;6120;5800;1800
08/12/2013;1732;960;1020;0;7470;6000;1900
09/12/2013;1677;900;1320;0;7920;5800;1700
10/12/2013;1665;900;1260;0;6840;6000;1900
11/12/2013;1751;720;1200;0;5850;5800;1900
12/12/2013;1711;900;1200;0;7200;5700;1600
13/12/2013;1779;720;1020;0;6120;5700;2000
14/12/2013;1745;720;1260;0;6390;5900;1600
15/12/2013;1799;840;1200;0;7920;6100;1600
16/12/2013;1708;840;1140;0;7110;5900;1700
17/12/2013;1661;840;1260;0;7110;6100;1600
18/12/2013;1775;840;1020;0;7110;6100;1700
19/12/2013;1718;720;1140;0;6840;5800;1800
20/12/2013;1779;840;1260;0;6660;5700;1600
21/12/2013;1706;840;1080;0;6210;5900;1900
22/12/2013;1664;720;1200;0;6120;6200;1700
23/12/2013;1713;840;1080;0;7650;6200;1800
24/12/2013;1672;900;1080;0;6840;5900;1800
25/12/2013;1794;900;1260;0;6480;5900;2000
26/12/2013;1701;900;1140;0;6930;5800;1900
27/12/2013;1674;780;1260;0;7560;6100;1800
28/12/2013;1660;900;1020;0;7740;5800;2000
29/12/2013;1691;840;1260;0;6030;6000;1800
30/12/2013;1687;720;1200;0;7830;5700;1900
31/12/2013;1675;780;1140;0;6840;6100;1700
01/01/2014;1698;900;1320;0;6840;5800;1600
02/01/2014;1739;960;1200;0;6120;6000;1800
03/01/2014;1761;960;1140;0;5940;5900;1900
04/01/2014;1682;720;1200;0;6930;6100;1700
05/01/2014;1726;900;1320;0;6840;5700;1600
06/01/2014;1754;840;1080;0;5850;6000;1800
07/01/2014;1696;780;1080;0;6300;6100;1700
08/01/2014;1694;900;1140;0;6120;6100;1600
09/01/2014;1786;720;1080;0;6120;6100;1700
10/01/2014;1662;660;1260;0;6840;6100;1600
11/01/2014;1667;840;1080;0;7830;6000;1500
12/01/2014;1809;900;1020;0;5850;6000;1700
13/01/2014;1678;720;1260;0;7110;6200;1700
14/01/2014;1690;960;1140;0;7290;6100;1700
15/01/2014;1659;660;1020;0;7200;6200;1600
16/01/2014;1798;780;1080;0;6570;5900;1600
17/01/2014;1728;900;1260;0;8010;6200;1800
18/01/2014;1731;720;1080;0;5850;5800;1900
19/01/2014;1702;720;1200;0;7200;6000;1800
20/01/2014;1753;960;1260;0;6480;5800;1800
21/01/2014;1695;720;1140;0;8010;6100;1600
22/01/2014;1807;780;1200;0;6030;6200;1800
23/01/2014;1772;780;1200;0;7290;6100;1900
24/01/2014;1725;840;1140;0;7290;5700;1500
25/01/2014;1764;660;1260;0;6390;6100;1900
26/01/2014;1671;840;1200;0;6660;6100;1700
27/01/2014;1748;960;1080;0;6660;6100;1600
28/01/2014;1675;900;1260;0;6390;5800;1700
29/01/2014;1750;780;1200;0;7020;6100;1600
30/01/2014;1472;600;1500;1500;6300;6333;1333
31/01/2014;1700;600;1500;1500;6300;5500;1250
01/02/2014;1632;600;1500;1000;6300;5500;1251
02/02/2014;1984;600;1500;1250;6300;5500;500
03/02/2014;1784;600;1800;1000;6300;5500;501
04/02/2014;1787;600;1800;1000;6300;5500;502
05/02/2014;1674;600;1800;1001;6300;5500;503
06/02/2014;1813;600;2100;1002;8100;5000;1000
07/02/2014;1870;600;1800;1003;7200;5000;1000
08/02/2014;1684;360;1860;400;6840;5300;400
09/02/2014;1477;600;2100;0;6300;5000;1000
10/02/2014;880.8;600;2100;0;6300;5000;1000
11/02/2014;1274;120;1980;0;6840;5100;800
12/02/2014;1445;600;2025;0;6975;5000;1000
13/02/2014;1419;600;2100;0;3600;5000;1000
14/02/2014;1444;600;1800;0;3600;5000;1000
15/02/2014;1183;600;1801;0;3601;5000;1001
16/02/2014;1183;600;1801;0;3602;5000;1002
17/02/2014;1183;600;1802;0;3603;5000;1003
18/02/2014;1183;600;1802;0;3604;5000;1004
19/02/2014;1182;0;1875;0;4500;4750;1000
20/02/2014;1498;0;1800;0;4800;4666;1000
21/02/2014;1353;0;1800;0;5400;4500;1000
22/02/2014;1274;0;1800;0;5400;4500;1000
23/02/2014;1222;0;1800;0;5400;4000;1000
24/02/2014;1195;0;1801;0;5401;4001;1001
25/02/2014;1248;0;1801;0;5402;4002;1002
26/02/2014;1274;0;1802;0;5403;4003;1003
27/02/2014;1275;0;1800;0;4950;4000;1000
28/02/2014;1445;0;1800;0;4950;0;1000
01/03/2014;1366;0;1800;0;4950;2000;1000
02/03/2014;1498;0;1800;0;4950;0;1000
03/03/2014;1551;0;1800;0;4950;0;1000
04/03/2014;1638;0;1800;0;4950;1000;1000
05/03/2014;1463;0;1800;0;4950;1000;1000
06/03/2014;1511;0;1800;0;4950;0;1000
07/03/2014;1340;0;1800;0;4950;0;1000
08/03/2014;1374;0;1800;0;4950;0;1000
09/03/2014;1484;0;1800;0;4950;0;1000
10/03/2014;1375;0;1800;0;4950;0;1000
11/03/2014;1485;0;1800;0;4950;0;1000
12/03/2014;1550;0;1800;0;4950;0;1000
13/03/2014;1453;0;1800;0;4950;0;1000
14/03/2014;1755;0;2100;1000;6300;7000;1000
15/03/2014;1759;0;2100;1000;6075;5750;1000
16/03/2014;1725;0;2100;1000;6075;5750;1000
17/03/2014;1815;0;1800;1000;5850;7000;1000
18/03/2014;1754;0;1800;500;5400;5000;1000
19/03/2014;1830;0;1800;500;5400;5000;1000
20/03/2014;1695;0;1875;750;5738;6000;1000
21/03/2014;1630;0;1800;666;5549;5666;1000
22/03/2014;1851;0;1800;666;5549;5666;1000
23/03/2014;1979;0;1800;666;5549;5666;1000
24/03/2014;1943;0;1800;500;5400;5000;1000
25/03/2014;1968;0;2100;1000;5400;5000;1000
26/03/2014;2047;0;1950;750;5400;5000;1000
27/03/2014;2075;0;1950;750;5400;5000;1000
28/03/2014;2041;0;2100;1000;5400;5000;1000
29/03/2014;2134;0;2000;833;5400;5000;1000
30/03/2014;2108;0;2000;833;5400;5000;1000
31/03/2014;1785;0;2100;1000;5400;5000;1000
01/04/2014;1921;0;2100;1000;5400;5000;1000
02/04/2014;2123;0;2100;1000;5400;5000;1000
03/04/2014;2095;0;2100;0;5850;5000;1000
04/04/2014;1966;0;2100;0;5850;5000;1000
05/04/2014;1703;0;2100;0;5850;5000;1000
06/04/2014;1966;0;2100;0;5850;5000;1000
07/04/2014;1921;0;2100;0;5850;5000;1000
08/04/2014;2018;0;2100;0;5850;5000;1000
09/04/2014;1895;0;2100;0;5850;5000;1000
10/04/2014;1808;0;2100;0;5850;5000;1000
11/04/2014;2095;0;2100;0;7200;5000;1000
12/04/2014;2174;0;2100;0;7200;5000;1000
13/04/2014;2197;0;2100;0;7200;5000;1000
14/04/2014;2134;0;2400;0;7650;5500;1000
15/04/2014;2001;0;2250;0;7425;5250;1000
16/04/2014;2089;0;2250;0;7425;5250;1000
17/04/2014;2267;0;2400;1000;7650;6000;1500
18/04/2014;2005;0;2400;1000;8100;7000;1000
19/04/2014;2197;0;2400;1000;8100;7000;1000
20/04/2014;2162;0;2400;1000;8100;7000;1000
21/04/2014;2260;0;2400;1000;8100;7000;1000
22/04/2014;2222;0;2700;1000;8100;7000;0
23/04/2014;2200;0;2400;500;8100;7000;0
24/04/2014;2129;0;2400;500;8100;7000;0
25/04/2014;2091;0;2450;833;8100;7000;500
26/04/2014;2165;0;2400;500;8100;7000;0
27/04/2014;2149;0;2400;500;8100;7000;0
28/04/2014;1704;0;2400;500;8100;7000;0
29/04/2014;1916;0;2700;500;8100;7000;0
30/04/2014;1916;0;3000;500;7200;7000;0
01/05/2014;2056;0;3000;0;7200;7000;0
02/05/2014;1829;0;3000;0;6300;7000;0
03/05/2014;2169;0;2750;333;7500;7000;0
04/05/2014;2198;0;2820;300;7380;7000;0
05/05/2014;2153;0;2925;250;7200;7000;0
06/05/2014;1795;0;3000;0;6300;6000;1000
07/05/2014;1977;0;3300;0;5400;6000;2500
08/05/2014;2061;0;3300;0;5400;6000;2500
09/05/2014;1808;0;3900;0;5400;6000;2500
10/05/2014;1893;0;3375;0;5625;6000;2125
11/05/2014;1897;0;3375;0;5625;6000;2125
12/05/2014;2016;0;2700;0;5850;6000;1500
13/05/2014;1882;0;3300;0;5513;6000;2250
14/05/2014;2045;0;3300;0;5549;6000;2166
15/05/2014;2076;0;3300;0;5625;6000;2000
16/05/2014;2111;0;2700;0;5850;6000;1500
17/05/2014;2111;300;2400;0;5400;6000;1000
18/05/2014;2136;300;2400;0;5400;6000;1000
19/05/2014;2123;300;2400;0;5400;6000;1000
20/05/2014;1793;0;1200;0;2700;6000;0
21/05/2014;2113;300;2100;0;3600;6000;1000
22/05/2014;2113;0;2100;0;5400;6000;1000
23/05/2014;1630;0;900;0;3600;6000;0
24/05/2014;1646;600;600;0;3600;6000;1000
25/05/2014;1638;600;1200;0;3600;6000;1000
26/05/2014;1630;600;2100;0;3600;6000;1000
27/05/2014;1521;900;2400;0;4500;6000;1000
28/05/2014;1470;600;3000;0;5400;6000;1000
29/05/2014;1793;600;3000;0;5400;6000;1000
30/05/2014;1927;1200;3000;0;5400;6000;2000
31/05/2014;2053;750;2450;0;4649;6000;1166
01/06/2014;2105;780;2700;0;4860;6000;1200
02/06/2014;2115;1200;3000;0;5400;6000;2000
03/06/2014;2101;900;3000;0;5400;6000;500
04/06/2014;2055;1200;3000;0;5400;6000;500
05/06/2014;1770;1200;3000;1000;5400;6000;0
06/06/2014;1732;900;2700;1000;5400;6000;1000
07/06/2014;2134;1125;2925;500;5400;6000;800
08/06/2014;1807;1125;2925;500;5400;6000;800
09/06/2014;2161;900;2700;1000;5400;6000;1000
10/06/2014;2092;900;2700;750;5400;6000;1000
11/06/2014;2081;900;2700;1000;5400;6000;1000
12/06/2014;2094;900;2700;1000;5400;6000;1000
13/06/2014;2096;900;2700;1000;5400;6000;1000
14/06/2014;2179;900;2700;1000;5400;6000;1000
15/06/2014;2152;900;2700;1000;5400;6000;1000
16/06/2014;2076;900;2700;1000;5400;6000;1000
17/06/2014;1875;900;2700;1000;5400;6000;1000
18/06/2014;2000;900;2700;1000;5400;6000;1000
19/06/2014;1840;601.8;3298;0;5403;5003;1497
20/06/2014;1924;601.2;3299;0;5402;5002;1498
21/06/2014;2120;600.6;3299;0;5401;5001;1499
22/06/2014;2069;600;3300;0;5400;6000;1500
23/06/2014;2121;600;3300;0;5400;6000;1500
24/06/2014;2090;600;3300;0;5400;6000;1500
25/06/2014;2076;600;3300;0;5400;6000;1500
26/06/2014;2114;600;3300;0;5400;6000;1400
27/06/2014;2099;600;3300;0;5400;6000;1500
28/06/2014;1735;600;3300;0;5400;6000;1500
29/06/2014;1457;600;3300;0;5400;6000;1500
30/06/2014;1603;600;3300;0;5400;6000;1500
01/07/2014;1746;600;3300;0;5400;6000;1500
02/07/2014;1761;600;3300;0;5400;5000;1500
03/07/2014;1799;600;3300;0;5400;5000;1500
04/07/2014;2027;600;3300;0;5400;5000;1500
05/07/2014;1761;600;3300;0;5400;5000;1500
06/07/2014;1764;600;3300;0;5400;5000;1500
07/07/2014;1895;600;3300;0;5400;5000;1500
08/07/2014;1804;600;3300;0;5400;5000;1500
09/07/2014;1853;600;3300;0;5400;5000;1500
10/07/2014;1677;600;3300;0;5400;5000;1500
11/07/2014;1875;600;3300;0;5400;5000;1500
12/07/2014;2007;600;3300;0;5400;5000;1500
13/07/2014;2084;600;3300;0;5400;5000;1500
14/07/2014;2156;600;3300;0;5400;5000;1500
15/07/2014;2076;600;3300;0;5400;5000;1500
16/07/2014;2064;600;3300;0;5400;5000;1500
17/07/2014;1627;600;3300;0;5400;5000;1500
18/07/2014;1701;600;3300;0;5400;5000;1500
19/07/2014;1808;600;3300;0;5400;5000;1500
20/07/2014;1838;600;3300;0;5400;5000;1500
21/07/2014;1840;600;3300;0;5400;5000;1500
22/07/2014;1985;600;3300;0;5400;5000;1500
23/07/2014;1846;600;3300;0;5400;5000;1500
24/07/2014;1862;600;3300;0;5400;5000;1500
25/07/2014;2183;600;3300;0;5400;5000;1500
26/07/2014;1988;600;3300;0;5400;5000;1500
27/07/2014;2239;600;3300;0;5400;5000;1500
28/07/2014;2168;600;3300;0;5400;5000;1500
29/07/2014;2163;600;3300;0;5400;5000;1500
30/07/2014;2093;600;3300;0;5400;5000;1500
31/07/2014;2062;600;3300;0;5400;5000;1500
01/08/2014;1789;600;3300;0;5400;5000;1500
02/08/2014;1633;600;3300;0;5400;5000;1500
03/08/2014;1685;600;3300;0;5400;5000;1500
04/08/2014;1609;600;3300;0;5400;5000;1500
05/08/2014;1877;600;3300;0;5400;5000;1500
06/08/2014;1701;600;3300;0;5400;5000;1500
07/08/2014;1769;600;3300;0;5400;5000;1500
08/08/2014;1953;0;3300;0;5400;5000;1500
09/08/2014;2006;0;3300;0;5400;5000;1500
10/08/2014;2142;0;3000;0;5400;5000;1500
11/08/2014;1906;0;3600;0;4500;4000;1000
12/08/2014;1922;0;3600;0;4500;4000;1000
13/08/2014;1814;0;3600;0;4500;4000;1000
14/08/2014;1938;0;3600;0;4500;6000;1000
15/08/2014;2158;0;3450;0;4800;4666;1166
16/08/2014;1648;0;3480;0;4680;4600;1100
17/08/2014;1698;0;3600;0;4500;4500;1000
18/08/2014;1843;0;3600;0;4500;4666;1000
19/08/2014;1837;0;3600;0;5400;6000;1000
20/08/2014;2042;0;3600;0;5400;6000;1000
21/08/2014;2173;0;4800;0;5400;4000;1000
22/08/2014;2129;0;4800;0;5400;4000;1000
23/08/2014;1964;0;4800;0;4500;4000;1000
24/08/2014;2016;0;4800;0;4500;4000;1000
25/08/2014;2068;0;4800;0;4500;4000;1000
26/08/2014;1966;0;4800;0;4500;4000;1000
27/08/2014;2008;0;4800;0;4500;4000;1000
28/08/2014;2157;0;4800;0;4500;4000;500
29/08/2014;2099;0;4800;0;4500;0;500
30/08/2014;2047;0;4800;0;4500;0;500
31/08/2014;1900;0;4800;0;4500;0;500
01/09/2014;1874;0;4800;0;4500;0;500
02/09/2014;1609;0;4800;0;4500;0;0
03/09/2014;1638;0;4800;0;4500;5000;0
04/09/2014;1680;0;4800;0;4500;5000;0
05/09/2014;1903;0;4800;0;4500;5000;0
06/09/2014;1825;0;4800;0;4500;5000;0
07/09/2014;1706;0;4800;0;4500;0;0
08/09/2014;1911;0;4800;0;4500;0;0
09/09/2014;2126;0;4800;0;4500;0;1000
10/09/2014;2115;0;4200;0;4500;5000;1000
11/09/2014;2012;0;4200;0;4500;6000;1000
12/09/2014;2148;0;4200;0;5400;6000;1000
13/09/2014;1932;0;4200;0;5400;7000;1000
14/09/2014;1882;0;4200;0;5400;7000;1000
15/09/2014;1717;0;4200;0;5400;6000;1000
16/09/2014;1764;0;4200;0;5400;6000;1000
17/09/2014;1659;0;3600;0;5400;6000;1000
18/09/2014;1709;0;3600;0;5400;5000;1000
19/09/2014;1693;0;3600;0;5400;5000;1000
20/09/2014;1966;0;3600;0;5400;5500;1000
21/09/2014;2118;0;3600;0;5400;5500;1000
22/09/2014;1877;0;3600;0;5400;5500;1000
23/09/2014;1942;0;3600;0;5400;5500;1000
24/09/2014;2085;0;3600;0;5400;5500;1000
25/09/2014;1921;0;3600;0;5400;5500;1000
26/09/2014;1746;0;3600;0;5400;5500;1000
27/09/2014;1544;0;3600;0;5400;5500;1000
28/09/2014;1483;0;3600;0;5400;5500;1000
29/09/2014;1869;0;4200;0;5400;4000;1000
30/09/2014;1929;0;3720;0;5400;5200;1000
01/10/2014;2068;0;3750;0;5400;5125;1000
02/10/2014;2115;0;3800;0;5400;5000;1000
03/10/2014;2100;0;4500;0;5400;4000;1000
04/10/2014;2182;0;4500;0;5400;4000;1000
05/10/2014;2031;0;3900;0;5400;4000;1000
06/10/2014;1711;0;4300;0;5400;4000;1000
07/10/2014;1604;0;4300;0;5400;4000;1000
08/10/2014;1444;0;4300;0;5400;4000;1000
09/10/2014;1483;0;4300;0;5400;4000;1000
10/10/2014;1483;0;4200;0;5400;4000;1000
11/10/2014;1509;0;3900;0;5400;2000;1000
12/10/2014;1509;0;3900;0;5400;2000;1000
13/10/2014;1840;0;4200;0;5400;3000;1000
14/10/2014;1785;0;4000;0;5400;2333;1000
15/10/2014;1838;0;4000;0;5400;2333;1000
16/10/2014;2098;0;4000;0;5400;2333;1000
17/10/2014;2174;0;4000;0;5400;2333;1000
18/10/2014;2143;0;3600;0;5400;4000;1000
19/10/2014;1995;0;3600;0;5400;4000;1000
20/10/2014;1688;0;3600;0;5400;4000;1000
21/10/2014;2108;0;3600;0;5400;4000;1000
22/10/2014;2134;0;3600;0;5400;4000;1000
23/10/2014;2155;0;3600;0;4950;4000;1000
24/10/2014;2142;0;3600;0;4950;4000;1000
25/10/2014;2000;0;3600;0;5250;4000;1000
26/10/2014;1588;0;3600;0;5220;4000;1000
27/10/2014;1606;0;3600;0;5175;4000;1000
28/10/2014;1538;0;3600;0;5099;4000;1000
29/10/2014;1575;0;3600;0;4950;4000;1000
30/10/2014;1457;0;3600;0;4950;4000;1000
31/10/2014;1562;0;3600;0;4950;4000;1000
01/11/2014;1750;0;3600;0;4950;4000;1000
02/11/2014;1812;0;3600;0;4950;4000;1000
03/11/2014;2115;0;3600;0;4950;4000;1000
04/11/2014;1963;0;3600;0;4950;4000;1000
05/11/2014;1963;0;3600;0;4950;4000;1000
06/11/2014;1654;0;3600;0;4950;4000;1000
07/11/2014;1837;0;3600;0;4950;4000;1000
08/11/2014;1900;0;3600;0;4950;4000;1000
09/11/2014;1561;0;3600;0;4950;4000;1000
10/11/2014;1566;0;3600;0;4950;4000;1000
11/11/2014;1527;0;3600;0;4950;4000;1000
12/11/2014;1759;0;3600;0;4950;4000;1000
13/11/2014;1788;0;3600;0;4950;4000;1000
14/11/2014;1830;0;3600;0;4950;4000;1000
15/11/2014;1651;0;3600;0;4950;4000;1000
16/11/2014;1701;0;3600;0;4950;4000;1000
17/11/2014;1512;0;3600;0;4950;4000;1000
18/11/2014;1523;0;4500;0;3600;4000;1000
19/11/2014;1496;0;4500;0;3600;1500;1000
20/11/2014;1431;0;4800;0;4050;1500;1000
21/11/2014;1622;0;4800;0;4050;1500;1000
22/11/2014;1502;0;4650;0;3825;2125;1000
23/11/2014;1691;0;4650;0;3825;2125;1000
24/11/2014;1517;0;4650;0;3825;2125;1000
25/11/2014;1544;0;4700;0;3900;1500;1000
26/11/2014;1945;0;4800;0;4050;1500;1000
27/11/2014;1950;0;4800;0;4050;1500;1000
28/11/2014;1998;0;4800;0;4050;1500;1000
29/11/2014;2203;0;4800;0;4050;1500;1000
30/11/2014;2034;0;4800;0;4050;1500;1000
01/12/2014;1696;0;4200;0;5400;4000;1000
02/12/2014;1745;0;4200;0;5400;4000;1000
03/12/2014;1641;0;4200;0;5400;4000;1000
04/12/2014;1874;0;4200;0;5400;4000;1000
05/12/2014;2000;0;4200;0;5400;4000;1000
06/12/2014;1924;0;4200;0;5400;4000;1000
07/12/2014;1824;0;4200;0;5400;4000;1000
08/12/2014;2021;0;4200;0;5400;4000;1000
09/12/2014;2047;0;4200;0;5400;4000;1000
10/12/2014;2171;0;4200;0;5400;4000;1000
11/12/2014;1811;0;4200;0;5400;4000;1000
12/12/2014;1685;0;4200;0;5400;4000;1000
13/12/2014;1740;0;4200;0;5400;4000;1000
14/12/2014;2037;0;4200;0;5400;4000;1000
15/12/2014;2040;0;3900;0;4950;4000;1000
16/12/2014;2082;0;4100;0;5250;4000;1000
17/12/2014;2190;0;4100;0;5250;4000;1000
18/12/2014;2236;0;4100;0;5250;4000;1000
19/12/2014;2296;0;3900;0;4950;7000;1000
20/12/2014;2069;0;4000;0;5099;5000;1000
21/12/2014;1777;0;3900;0;4950;5500;1000
22/12/2014;1945;0;3900;0;4950;7000;1000
23/12/2014;2126;0;3900;0;4950;7000;1000
24/12/2014;2039;0;3900;0;4950;7000;1000
25/12/2014;2119;0;3900;0;4950;7000;1000
26/12/2014;1945;0;3900;0;4950;7000;1000
27/12/2014;2134;0;3900;0;4950;7000;1000
28/12/2014;2118;0;3900;0;4950;7000;1000
29/12/2014;2181;0;3900;0;4950;7000;1000
30/12/2014;2000;0;3900;0;4950;7000;1000
31/12/2014;1914;0;3900;0;4950;7000;1000
01/01/2015;1882;0;3900;0;4950;7000;1000
02/01/2015;1938;0;3900;0;4950;7000;1000
03/01/2015;1834;0;3900;0;6300;6000;1500
04/01/2015;1995;0;3900;0;6300;6000;1500
05/01/2015;1808;0;3900;0;5400;7000;1500
06/01/2015;1661;0;3900;0;6300;7000;1500
07/01/2015;1665;0;3900;0;6300;7000;1500
08/01/2015;1958;0;3900;0;6300;7000;1500
09/01/2015;1984;0;3600;0;6300;7000;1500
10/01/2015;1646;0;3600;0;6300;7000;1500
11/01/2015;1741;0;3600;0;6300;7000;1500
12/01/2015;1672;0;3750;0;6300;7000;1500
13/01/2015;1717;0;3600;0;6300;7000;1500
14/01/2015;1638;0;3660;0;6300;7000;1500
15/01/2015;1745;0;3600;0;6300;7000;1500
16/01/2015;2094;0;3600;0;6300;7000;1500
17/01/2015;1893;0;3600;0;6300;7000;1500
18/01/2015;1879;0;3600;0;6300;7000;1500
19/01/2015;1677;0;3300;0;6300;4000;1500
20/01/2015;1985;0;3500;0;6300;6000;1500
21/01/2015;1625;0;3300;0;6300;5500;1500
22/01/2015;1719;0;3300;0;6300;5500;1500
23/01/2015;1780;0;3300;0;6300;5500;1500
24/01/2015;1918;0;3360;0;6300;5500;1500
25/01/2015;2150;0;3300;0;6300;5500;1500
26/01/2015;2025;0;3300;0;6300;5500;1500
27/01/2015;1709;0;3300;0;6300;5500;1500
28/01/2015;1814;0;3300;0;6300;5500;1500
29/01/2015;1819;0;3300;0;6300;5500;1500
30/01/2015;2091;0;3300;0;6300;5500;1500
31/01/2015;1984;0;3300;0;6300;5500;1500
01/02/2015;2165;0;3300;0;5400;5500;2000
02/02/2015;2170;0;3300;0;5400;5500;2000
03/02/2015;2164;0;3300;0;5400;5500;2000
04/02/2015;2155;0;3600;0;5400;6000;1500
05/02/2015;1947;0;3600;0;5400;6000;1500
06/02/2015;1837;0;3400;0;5549;5666;1750
07/02/2015;2107;0;3420;0;5400;5700;1800
08/02/2015;2000;0;3450;0;5400;5750;1750
09/02/2015;1530;0;3500;0;5400;5833;1666
10/02/2015;1365;0;3600;0;5400;6000;1500
11/02/2015;1524;0;3600;0;5400;6000;1500
12/02/2015;1950;0;3600;0;5400;6000;1500
13/02/2015;2092;0;3600;0;5400;6000;1500
14/02/2015;2000;0;3600;0;5400;6000;1500
15/02/2015;1932;0;3600;0;5400;6000;1500
16/02/2015;1625;0;3600;0;5400;6000;1500
17/02/2015;1522;0;3600;0;5400;6000;1500
18/02/2015;1536;0;3600;0;5400;6000;1500
19/02/2015;1562;0;3600;0;5400;6000;1500
20/02/2015;1630;0;3600;0;5400;6000;1500
21/02/2015;1890;0;3600;0;5400;6000;1500
22/02/2015;1712;0;3600;0;5400;6000;1500
23/02/2015;1664;0;3600;0;5400;6000;1500
24/02/2015;1352;0;3600;0;5400;6000;1500
25/02/2015;1260;0;3600;0;5400;6000;1500
26/02/2015;1326;0;3600;0;5400;6000;1500
27/02/2015;1417;0;3600;0;5400;6000;1500
28/02/2015;1444;0;3600;0;5400;6000;1500
01/03/2015;1483;0;3300;0;5400;5500;2000
02/03/2015;1431;0;3300;0;5400;5500;2000
03/03/2015;1378;0;3300;0;5400;5500;2000
04/03/2015;1339;0;3600;0;5400;6000;1500
05/03/2015;1339;0;3600;0;5400;6000;1500
06/03/2015;1550;0;3000;0;4500;3000;1500
07/03/2015;1942;0;3000;0;4500;4000;1500
08/03/2015;2021;0;3000;0;5400;4000;1500
09/03/2015;2087;0;3600;0;5400;4000;1500
10/03/2015;1898;0;3600;0;5400;4000;1500
11/03/2015;1882;0;3600;0;5400;4000;1500
12/03/2015;1864;0;4200;0;5400;4000;1500
13/03/2015;1648;0;4200;0;5400;4000;1500
14/03/2015;1895;0;4200;0;5400;4000;1500
15/03/2015;2163;0;4200;0;5400;4000;1500
16/03/2015;1980;0;4200;0;5400;4000;1500
17/03/2015;1711;0;4200;0;5400;4000;1500
18/03/2015;1911;0;4200;0;5400;4000;1500
19/03/2015;1774;0;4200;0;5400;4000;1500
20/03/2015;2016;0;4200;0;5400;4000;1500
21/03/2015;1911;0;4200;0;5400;4000;1500
22/03/2015;2103;0;4200;0;5400;4000;2000
23/03/2015;1967;0;4200;1000;4500;5000;2000
24/03/2015;1766;0;4200;1000;4500;5000;2000
25/03/2015;1931;0;4200;1000;4500;5000;2000
26/03/2015;1759;0;4200;1000;4500;5000;2000
27/03/2015;1971;0;4800;1000;4500;5000;1500
28/03/2015;2074;0;4800;1000;4500;5000;1500
29/03/2015;2142;0;4800;1000;4500;5000;1500
30/03/2015;2134;0;4800;1000;4500;5000;1500
31/03/2015;2134;0;4800;1000;4500;5000;1500
01/04/2015;2045;0;2880;1000;4050;5000;1500
02/04/2015;1990;0;2880;1000;4050;5000;1500
03/04/2015;1748;0;2520;0;4860;5000;1500
04/04/2015;1856;0;2520;0;4860;5000;1500
05/04/2015;1880;0;2520;0;4860;5000;1500
06/04/2015;2024;0;2160;0;4860;4000;1500
07/04/2015;1887;0;2160;0;4860;4000;1500
08/04/2015;1958;0;2160;0;4860;4000;1500
09/04/2015;1986;0;2160;0;4860;4000;1500
10/04/2015;1470;0;2160;0;4860;4000;1500
11/04/2015;1984;0;2520;0;4860;5000;1500
12/04/2015;1617;0;2520;0;4860;5000;1500
13/04/2015;1641;0;2880;0;4860;4000;1500
14/04/2015;1911;0;2880;0;4860;4000;1500
15/04/2015;1735;0;2700;0;4860;4500;1500
16/04/2015;2021;0;2700;0;4860;4500;1500
17/04/2015;2146;0;2700;0;4860;4500;1500
18/04/2015;2100;0;2880;0;4860;4000;1500
19/04/2015;2220;0;2880;0;4860;4000;1500
20/04/2015;2024;0;2700;0;4860;4000;1500
21/04/2015;2047;0;2820;0;4860;4000;1500
22/04/2015;1678;0;2520;0;5670;4500;1000
23/04/2015;1433;0;2745;0;5063;4125;1375
24/04/2015;1672;0;2520;0;5670;2500;1000
25/04/2015;2097;0;2160;0;4860;2500;1000
26/04/2015;1800;0;2160;0;5265;2500;1500
27/04/2015;1672;0;2160;0;5265;2500;1500
28/04/2015;1869;0;2304;0;5346;2900;1200
29/04/2015;2043;0;2250;0;5265;2500;1250
30/04/2015;1911;0;2250;0;5265;2500;1250
01/05/2015;1543;0;2160;0;5130;2500;1333
02/05/2015;1641;0;2160;0;5265;2500;1500
03/05/2015;1538;0;2160;0;5265;2500;1500
04/05/2015;1496;0;2160;0;5265;2500;1500
05/05/2015;1191;0;2160;0;5265;2500;1500
06/05/2015;1102;0;2160;0;5265;2500;1500
07/05/2015;1417;0;2160;0;5265;2500;1500
08/05/2015;1404;0;2160;0;5265;2500;1500
09/05/2015;1672;0;2160;0;5265;2500;1500
10/05/2015;1577;0;2160;0;5265;2500;1500
11/05/2015;1536;0;2160;0;5265;2500;1500
12/05/2015;1281;0;2160;0;5265;2500;1500
13/05/2015;1675;0;2160;0;5265;2500;1500
14/05/2015;1879;0;2160;0;5265;2500;1500
15/05/2015;2076;0;2160;0;5265;2500;1500
16/05/2015;1951;0;2160;0;5265;2500;1500
17/05/2015;1943;0;2160;0;5265;2500;1500
18/05/2015;1711;0;2160;0;5265;2500;1500
19/05/2015;2003;0;2160;0;5265;2500;1500
20/05/2015;1990;0;2160;0;5265;2500;1500
21/05/2015;2142;0;2160;0;5265;2500;1500
22/05/2015;1832;0;2160;0;5265;2500;1500
23/05/2015;1732;0;2160;1000;4455;3000;1500
24/05/2015;1877;0;2160;1000;4455;3000;1500
25/05/2015;1698;0;2160;1000;4455;3000;1500
26/05/2015;1851;0;2160;1000;4455;3000;1500
27/05/2015;1377;0;3600;1000;4950;3000;1500
28/05/2015;1909;0;3600;1000;4950;3000;1500
29/05/2015;1785;0;3600;1000;4950;3000;1500
30/05/2015;1950;0;3900;1000;5400;0;1000
31/05/2015;1743;0;3900;1000;5850;0;1000
01/06/2015;1911;0;3900;1000;5850;0;1000
02/06/2015;1779;0;3900;1000;5850;0;1000
03/06/2015;1845;0;3900;1000;5738;0;1000
04/06/2015;2225;0;3900;1000;5738;0;1000
05/06/2015;2179;0;3900;1000;5738;0;1000
06/06/2015;2091;0;3900;1000;5850;0;1000
07/06/2015;1885;0;3900;1000;5850;0;1000
08/06/2015;1885;0;3900;1000;5850;0;1000
09/06/2015;1691;0;4500;1000;4500;0;1000
10/06/2015;1500;0;4500;1000;4500;0;1000
11/06/2015;1404;0;4500;1000;4500;0;1000
12/06/2015;1596;0;4500;1000;4500;0;1000
13/06/2015;2135;0;4500;1000;4500;0;1000
14/06/2015;2259;0;4500;1000;4500;0;1000
15/06/2015;2214;0;4500;1000;4500;0;1000
16/06/2015;2116;0;3900;1000;5850;0;1000
17/06/2015;1879;0;3900;1000;5850;0;1000
18/06/2015;2016;0;3900;1000;5850;0;1000
19/06/2015;2167;0;3900;1000;5850;0;1000
20/06/2015;2182;0;3900;1000;5850;0;1000
21/06/2015;2193;0;3900;1000;5850;0;1000
22/06/2015;2084;0;3900;1000;5850;0;1000
23/06/2015;1773;0;3900;1000;5850;0;1000
24/06/2015;1766;0;3900;1000;5850;0;1000
25/06/2015;2093;0;3900;1000;5850;0;1000
26/06/2015;2080;0;3300;1000;4950;0;1000
27/06/2015;2184;0;3300;1000;4950;0;1000
28/06/2015;2113;0;3300;1000;4950;0;1000
29/06/2015;2100;0;3300;1000;4950;0;1000
30/06/2015;1790;0;3300;1000;4950;0;1000
01/07/2015;2000;0;3300;1000;4950;0;1000
02/07/2015;2099;0;3300;1000;4950;0;1000
03/07/2015;1906;0;3300;1000;4950;0;1000
04/07/2015;1979;0;3300;1000;4950;0;1000
05/07/2015;2016;0;3300;1000;4950;0;1000
06/07/2015;2072;0;3300;0;5400;4000;1000
07/07/2015;2176;0;3600;0;5400;4000;1000
08/07/2015;2168;0;3450;0;5400;4000;1000
09/07/2015;2200;0;3450;0;5400;4000;1000
10/07/2015;2334;0;3450;0;5400;4000;1000
11/07/2015;2188;0;3450;0;5400;4000;1000
12/07/2015;2137;0;3450;0;5400;4000;1000
13/07/2015;2100;0;3600;0;5400;4000;500
14/07/2015;1932;0;3900;0;5400;4000;500
15/07/2015;1935;0;3900;0;5400;4000;500
16/07/2015;2083;0;3900;0;5400;0;500
17/07/2015;2108;0;3825;0;5400;3000;500
18/07/2015;2179;0;3825;0;5400;3000;500
19/07/2015;2170;0;3825;0;5400;3000;500
20/07/2015;1817;0;4200;0;6750;0;1000
21/07/2015;1880;0;4200;0;6750;0;1500
22/07/2015;1772;0;3600;0;5850;0;1500
23/07/2015;1663;0;3600;0;5850;0;1500
24/07/2015;2163;0;3900;0;6300;0;1375
25/07/2015;2060;0;3900;0;6300;0;1375
26/07/2015;2016;0;3900;0;6300;0;1375
27/07/2015;1982;0;3600;0;5850;0;1500
28/07/2015;2118;0;3600;0;6300;3000;1500
29/07/2015;2092;0;3600;0;6300;3000;1500
30/07/2015;2074;0;3600;0;6300;3000;1500
31/07/2015;2160;0;3600;0;6300;3000;1500
01/08/2015;2215;0;1800;0;5400;7000;2000
02/08/2015;2099;0;1800;0;5400;7000;2000
03/08/2015;2065;0;1800;0;5400;7000;2000
04/08/2015;2067;0;1800;0;5400;7000;2000
05/08/2015;2129;0;1800;0;5850;7000;2000
06/08/2015;2055;0;1800;0;5850;7000;2000
07/08/2015;2076;0;1800;0;5850;7000;2000
08/08/2015;2111;0;1800;0;5850;7000;2000
09/08/2015;2113;0;1800;0;5850;7000;2000
10/08/2015;2170;0;1800;0;5850;7000;2000
11/08/2015;2092;0;1800;0;5850;7000;2000
12/08/2015;2082;0;1800;0;5850;7000;2000
13/08/2015;2160;0;1800;0;5850;7000;2000
14/08/2015;2210;0;1800;0;5400;7000;2000
15/08/2015;2199;0;1800;0;5400;7000;2000
16/08/2015;2166;0;1800;0;5400;7000;2000
17/08/2015;1987;0;1800;0;5400;7000;2000
18/08/2015;1872;0;1800;0;5400;7000;2000
19/08/2015;1924;0;1800;1500;5580;5000;2000
20/08/2015;2150;0;1800;1500;5580;5000;2000
21/08/2015;2129;0;1800;1500;5580;5000;2000
22/08/2015;2150;0;2100;1500;5580;5000;2000
23/08/2015;2124;0;2100;1500;5580;5000;2000
24/08/2015;1953;0;1800;1500;5580;5000;2000
25/08/2015;1764;0;1800;1500;5580;5000;2000
26/08/2015;2103;0;1800;1500;5580;5000;2500
27/08/2015;2205;0;1800;1500;5580;5000;2500
28/08/2015;2000;0;1800;2000;5580;5000;2500
29/08/2015;2000;0;1800;2000;5580;5000;2500
30/08/2015;495.9;0;1800;2000;5580;5000;2500
31/08/2015;2074;0;1800;2000;5580;5000;2500
01/09/2015;2060;0;2100;2000;5580;6000;2000
02/09/2015;1693;0;2100;2000;5580;6000;2000
03/09/2015;2032;0;2100;2000;5580;6000;2000
04/09/2015;1995;0;2100;2000;5580;6000;2000
05/09/2015;1549;0;2100;2000;5580;6000;2000
06/09/2015;1496;0;2100;2000;5580;6000;2000
07/09/2015;1643;0;2100;2000;5580;6000;2000
08/09/2015;1809;0;2100;2000;5580;6000;2000
09/09/2015;1916;0;2100;2000;5580;6500;2000
10/09/2015;1762;0;2100;2000;5580;6500;2000
11/09/2015;1853;0;2100;2000;5580;6500;2000
12/09/2015;2042;0;2100;2000;5580;6500;2000
13/09/2015;2122;0;2100;2000;5580;6500;2000
14/09/2015;2036;0;2100;2000;5580;6500;2000
15/09/2015;2120;0;2100;2000;5130;7000;2000
16/09/2015;2065;0;2100;2000;5130;7000;2000
17/09/2015;2093;0;2100;2000;5130;7000;2000
18/09/2015;2178;0;2100;1000;5130;7000;2000
19/09/2015;2126;0;2100;1000;5130;7000;2000
20/09/2015;2042;0;2100;1000;5130;7000;2000
21/09/2015;1961;0;2100;1000;5130;7000;2000
22/09/2015;2190;0;2100;1000;5130;7000;2000
23/09/2015;2212;0;2100;1000;5130;7000;2000
24/09/2015;2243;0;2100;1500;5130;7000;2000
25/09/2015;2280;0;2100;1500;5130;7000;2000
26/09/2015;2344;0;2100;1500;5130;7000;2000
27/09/2015;2416;0;2100;1000;5130;7000;2000
28/09/2015;2356;0;2100;1000;5130;7000;2000
29/09/2015;2351;0;2100;1000;5130;7000;2000
30/09/2015;2239;0;1800;1000;5670;6500;2000
01/10/2015;2210;0;2100;0;5670;6500;2000
02/10/2015;2120;0;2100;1000;5670;6500;2000
03/10/2015;2207;0;2100;2000;5670;6500;2000
04/10/2015;2268;0;1800;2000;5670;6500;2000
05/10/2015;2240;0;2100;0;5670;6500;2000
06/10/2015;1977;0;2100;0;5670;6500;2000
07/10/2015;2031;0;2100;0;5400;6500;2000
08/10/2015;2401;0;2100;0;5400;6500;2000
09/10/2015;2257;0;2100;0;5400;6500;2000
10/10/2015;2200;0;2100;0;5400;6500;2000
11/10/2015;2213;0;2100;0;5400;5000;2000
12/10/2015;2406;0;2100;0;5400;5000;2000
13/10/2015;2475;0;2100;0;5400;5000;2000
14/10/2015;2546;0;2100;0;5850;5000;2000
15/10/2015;2470;0;2100;0;5850;5000;2000
16/10/2015;2416;0;1800;0;5850;5000;2000
17/10/2015;2239;0;1800;0;5850;5000;2000
18/10/2015;2229;0;1800;0;5850;5000;2000
19/10/2015;2229;0;1800;0;5850;5000;2000
20/10/2015;2165;0;2100;0;5850;5000;2000
21/10/2015;2127;0;2100;0;5850;5000;2000
22/10/2015;2213;0;2400;0;6300;5000;2000
23/10/2015;2158;0;2400;0;6300;5000;2000
24/10/2015;2210;0;2400;0;5850;5000;2000
25/10/2015;2179;0;3000;0;5850;5000;2500
26/10/2015;2178;0;2400;0;5850;5000;2000
27/10/2015;2229;0;2400;0;5850;5000;2000
28/10/2015;2237;0;2400;0;5850;5000;2000
29/10/2015;2185;0;2400;0;5850;5000;2000
30/10/2015;2219;0;2400;0;5850;5000;2000
31/10/2015;2516;0;2400;0;5850;5000;2000
01/11/2015;2516;0;2400;0;5850;5000;2000
02/11/2015;2394;0;2400;0;5850;5000;2000
03/11/2015;2171;0;2400;0;5850;5000;2000
04/11/2015;2079;0;2400;0;5850;5000;2000
05/11/2015;2121;0;2400;0;5850;5000;2000
06/11/2015;2160;0;2400;0;5850;5000;2000
07/11/2015;2021;0;2400;0;5850;5000;2000
08/11/2015;2063;0;2400;0;5850;5000;2000
09/11/2015;2170;0;2400;0;5850;5000;2000
10/11/2015;2336;0;2400;0;5850;5000;2000
11/11/2015;2369;0;2400;0;5850;5000;2000
12/11/2015;2143;0;2400;0;5850;5000;2000
13/11/2015;2175;0;2400;0;5850;5000;2000
14/11/2015;2186;0;2400;0;5850;5000;2000
15/11/2015;2253;0;2400;0;5850;5000;2000
16/11/2015;2097;0;2400;0;5850;5000;2000
17/11/2015;2317;0;2400;0;5850;5000;2000
18/11/2015;2082;0;2400;0;5850;5000;2000
19/11/2015;2194;0;2400;0;5850;5000;2000
20/11/2015;2186;0;2400;0;5850;5000;2000
21/11/2015;2155;0;2400;0;5850;5000;2000
22/11/2015;2215;0;2400;0;5850;5000;2000
23/11/2015;2441;0;2400;0;5850;5000;2000
24/11/2015;2378;0;2400;0;5850;5000;2000
25/11/2015;2215;0;2400;0;5850;5000;2000
26/11/2015;2116;0;2400;0;5850;5000;2000
27/11/2015;2217;0;2400;0;5850;5000;2000
28/11/2015;2286;0;2400;0;5850;5000;2000
29/11/2015;2197;0;2400;0;5850;5000;2000
30/11/2015;2272;0;2400;0;5850;5000;2000
01/12/2015;2186;0;2400;0;5850;5000;2000
02/12/2015;2152;0;2400;0;5850;5000;2000
03/12/2015;1908;0;2400;0;5850;5000;2000
04/12/2015;2001;0;2400;0;5850;5000;2000
05/12/2015;1777;0;2400;0;5850;5000;2000
06/12/2015;2076;0;2400;0;5850;5000;2000
07/12/2015;1617;0;2400;0;5850;5000;2000
08/12/2015;1783;0;2400;0;5850;5000;2000
09/12/2015;2174;0;2400;0;5850;5000;2000
10/12/2015;2192;0;2400;0;5850;5000;2000
11/12/2015;2251;0;2400;0;5850;5000;2000
12/12/2015;2199;0;2400;0;5850;5000;2000
13/12/2015;1591;0;2400;0;5850;5000;2000
14/12/2015;1607;0;2400;0;5850;5000;2000
15/12/2015;1914;0;2400;0;5850;5000;2000
16/12/2015;1651;0;2400;0;5850;5000;2000
17/12/2015;1972;0;2400;0;5850;5000;2000
18/12/2015;1982;0;2400;0;5850;5000;2000
19/12/2015;2165;0;2400;0;5850;5000;2000
20/12/2015;2147;0;2400;0;5850;5000;2000
21/12/2015;2060;0;2400;0;5850;5000;2000
22/12/2015;2147;0;2400;0;5850;5000;2000
23/12/2015;2176;0;2400;0;5850;5000;2000
24/12/2015;2163;0;2400;0;5850;5000;2000
25/12/2015;2186;0;2400;0;5850;5000;2000
26/12/2015;2101;0;2400;0;5850;5000;2000
27/12/2015;2205;0;2400;0;5850;5000;2000
28/12/2015;2210;0;2400;0;5850;5000;2000
29/12/2015;2152;0;2400;0;5850;5000;2000
30/12/2015;2063;0;2400;0;5850;5000;2000
31/12/2015;2281;0;2400;0;5850;5000;2000
01/01/2016;2447;0;1800;0;4050;0;2000
02/01/2016;2477;0;1800;0;4050;0;2000
03/01/2016;2258;0;1800;0;4050;0;2000
04/01/2016;2158;0;1800;0;4050;0;2000
05/01/2016;1982;0;1800;0;4050;0;2000
06/01/2016;2092;0;1800;0;4050;0;2000
07/01/2016;2150;0;1800;0;4050;0;2000
08/01/2016;1866;0;1800;0;4050;0;2000
09/01/2016;2011;0;1800;0;4950;0;2000
10/01/2016;2137;0;1800;0;4950;0;2000
11/01/2016;2014;0;1800;0;4950;0;2000
12/01/2016;2087;0;1800;0;4950;0;2000
13/01/2016;1990;0;1800;0;4950;0;2000
14/01/2016;2011;0;1800;0;4050;0;2000
15/01/2016;1856;0;1800;0;4050;0;2000
16/01/2016;2103;0;1800;0;4050;0;2000
17/01/2016;2163;0;1800;0;4050;0;2000
18/01/2016;2029;0;1800;0;5400;0;2000
19/01/2016;2214;0;1800;1000;5580;0;2000
20/01/2016;2103;0;1800;1000;5580;0;2000
21/01/2016;2163;0;1800;1000;5580;0;2000
22/01/2016;2234;0;1800;1000;5580;0;2000
23/01/2016;2255;0;1800;1000;5580;0;2000
24/01/2016;2159;0;1800;1000;5580;0;2000
25/01/2016;2155;0;1800;1000;5580;0;1500
26/01/2016;2160;0;1800;1000;5580;0;1500
27/01/2016;2173;0;1800;1000;5130;0;1500
28/01/2016;2179;0;1800;1000;5130;0;1000
29/01/2016;2069;0;1800;1000;5130;0;1000
30/01/2016;2123;0;1800;1000;5130;0;1500
31/01/2016;1641;0;1800;1000;5130;0;2000
01/02/2016;1882;0;2100;2000;5580;0;2000
02/02/2016;1553;0;2100;2000;5580;0;2000
03/02/2016;2026;0;2100;2000;5580;0;2000
04/02/2016;2147;0;2100;2000;5580;0;2000
05/02/2016;2194;0;2100;2000;5580;0;2000
06/02/2016;1567;0;2100;2000;5580;0;2000
07/02/2016;2257;0;2100;2000;5580;0;2000
08/02/2016;1934;0;2100;2000;5580;0;2000
09/02/2016;1936;0;2100;2000;5580;0;2000
10/02/2016;2076;0;2100;2000;5580;0;2000
11/02/2016;1711;0;2100;2000;5580;0;2000
12/02/2016;1287;0;2100;2000;5580;0;2000
13/02/2016;1413;0;2100;2000;5580;0;2000
14/02/2016;1893;0;2100;2000;5580;0;2000
15/02/2016;1709;0;2100;2000;5130;0;2000
16/02/2016;1955;0;2100;2000;5130;0;2000
17/02/2016;2084;0;2100;2000;5130;0;2000
18/02/2016;2134;0;2100;1000;5130;0;2000
19/02/2016;2094;0;2100;1000;5130;0;2000
20/02/2016;1919;0;2100;1000;5130;0;2000
21/02/2016;2053;0;2100;1000;5130;0;2000
22/02/2016;2126;0;2100;1000;5130;0;2000
23/02/2016;1593;0;2100;1000;5130;0;2000
24/02/2016;2057;0;2100;1500;5130;0;2000
25/02/2016;1916;0;2100;1500;5130;0;2000
26/02/2016;2021;0;2100;1500;5130;0;2000
27/02/2016;2107;0;2100;1000;5130;0;2000
28/02/2016;2090;0;2100;1000;5130;0;2000
29/02/2016;1864;0;2100;1000;5130;0;2000
01/03/2016;1896;0;1800;1000;5670;0;2000
02/03/2016;1875;0;2100;0;5670;0;2000
03/03/2016;1866;0;2100;1000;5670;0;2000
04/03/2016;2050;0;2100;2000;5670;0;2000
05/03/2016;2016;0;1800;2000;5670;0;2000
06/03/2016;2071;0;2100;0;5670;0;2000
07/03/2016;1893;0;2100;0;5670;0;2000
08/03/2016;2118;0;2100;0;5400;0;2000
09/03/2016;2120;0;2100;0;5400;0;2000
10/03/2016;2139;0;2100;0;5400;0;2000
11/03/2016;2131;0;2100;0;5400;0;2000
12/03/2016;2131;0;2100;0;5400;0;2000
13/03/2016;2139;0;2100;0;5400;0;2000
14/03/2016;2170;0;2100;0;5400;0;2000
15/03/2016;2234;0;2100;0;5850;0;2000
16/03/2016;2347;0;2100;0;5850;0;2000
17/03/2016;2390;0;1800;0;5850;0;2000
18/03/2016;2296;0;1800;0;5850;0;2000
19/03/2016;2512;0;1800;0;5850;0;2000
20/03/2016;2484;0;1800;0;5850;0;2000
21/03/2016;2323;0;2100;0;5850;0;2000
22/03/2016;2432;0;2100;0;5850;0;2000
23/03/2016;2231;0;2400;0;5850;0;2000
24/03/2016;2067.9581;0;2400;0;5850;0;2000
25/03/2016;2367.0893;0;2400;0;5850;0;2000
26/03/2016;2470772;0;2400;0;5850;0;2000
27/03/2016;2499.1732;0;2400;0;5850;0;2000
28/03/2016;2300;0;2400;0;5850;0;2000
29/03/2016;2260.1518;0;2700;0;5850;0;2000
30/03/2016;2204.8981;0;3000;0;5850;0;2000
31/03/2016;2300;0;3000;0;5850;0;2000
01/04/2016;2437121;0;2400;0;5850;0;2000
02/04/2016;2460.9812;0;2400;0;5850;0;2000
03/04/2016;2327.5061;0;3000;0;5850;0;2000
04/04/2016;2127.9103;0;3000;0;5850;0;2000
05/04/2016;2435.9136;0;3000;0;5850;0;2000
06/04/2016;2459.8;0;3000;0;5850;0;2000
07/04/2016;2474.1056;0;0;0;4500;0;0
08/04/2016;2384.5972;0;600;0;5400;0;2000
09/04/2016;2212.8776;0;3000;0;5400;0;2000
10/04/2016;2149.7755;0;3300;0;4500;0;2000
11/04/2016;2120.9019;0;3300;0;4500;0;2000
12/04/2016;2015.6968;0;3300;0;4500;0;2000
13/04/2016;2225.7658;0;3300;0;4500;0;2000
14/04/2016;2142111;0;3300;0;4500;0;2000
15/04/2016;2399874;0;3300;0;4500;0;2000
16/04/2016;2328976;0;3300;0;4500;0;2000
17/04/2016;2320.1565;0;3300;0;4500;0;2000
18/04/2016;2221.8285;0;3300;0;4500;0;2000
19/04/2016;2369.3204;0;3300;0;4500;0;2000
20/04/2016;2399874;0;3300;0;4500;0;2000
21/04/2016;2321.3376;0;3300;0;4500;0;2000
22/04/2016;2491.5348;0;3300;0;4500;0;2000
23/04/2016;2527.5744;0;3300;0;4500;0;2000
24/04/2016;2336.4044;0;3300;0;4500;0;2000
25/04/2016;2481744;0;3300;0;4500;0;2000
26/04/2016;2182.6391;0;3300;0;4500;0;2000
27/04/2016;2165.5248;0;3300;0;4500;0;2000
28/04/2016;2152.4005;0;3300;0;4500;0;2000
29/04/2016;2118277;0;3300;0;4500;0;2000
30/04/2016;2118277;0;3300;0;4500;0;2000
01/05/2016;2320.5764;0;3900;0;4500;0;1800
02/05/2016;2077.3027;0;3900;0;4500;0;1800
03/05/2016;1973.9088;0;3900;0;4500;0;1800
04/05/2016;2302.6748;0;3900;0;4500;0;1800
05/05/2016;2293.4352;0;3900;0;4950;0;1800
06/05/2016;2360.5008;0;3900;0;5850;0;1800
07/05/2016;2443552;0;3900;0;5850;0;1800
08/05/2016;2399874;0;3900;0;5850;0;1800
09/05/2016;2384.5972;0;3900;0;5850;0;1800
10/05/2016;2309.1845;0;3600;0;5850;0;1800
11/05/2016;2318004;0;3600;0;5850;0;1800
12/05/2016;2359.5296;0;3600;0;6300;0;1800
13/05/2016;2474.1056;0;3600;0;6300;0;1800
14/05/2016;2178.2293;0;3600;0;6300;0;1800
15/05/2016;2000.1575;0;3600;0;6300;0;1800
16/05/2016;2120.9019;0;3600;0;6300;0;1800
17/05/2016;2102.5277;0;3600;0;6300;0;1800
18/05/2016;2255.1382;0;3600;0;6300;0;1800
19/05/2016;2451.1904;0;3600;0;6300;0;1800
20/05/2016;2482.8726;0;3600;0;6300;0;1800
21/05/2016;2351.13;0;3600;0;6300;0;1800
22/05/2016;2188755;0;3600;0;6300;0;1800
23/05/2016;2231.9867;0;3600;0;6300;0;1800
24/05/2016;2266.6352;0;3600;0;6300;0;1800
25/05/2016;2169.3572;0;3600;0;6300;0;1800
26/05/2016;2315.5892;0;3600;0;6300;0;1800
27/05/2016;2585.9779;0;3600;0;6300;0;1800
28/05/2016;2602.1472;0;3600;0;6300;0;1800
29/05/2016;2582.8281;0;3600;0;6300;0;1800
30/05/2016;2403.2076;0;3600;0;6300;0;1800
31/05/2016;2553.9806;0;3600;0;6300;0;1800
01/06/2016;2629.5771;0;3600;0;6300;0;1800
02/06/2016;2644.6177;0;3600;0;6300;0;1800
03/06/2016;2659.8945;0;3600;0;5850;0;1800
04/06/2016;;0;3600;0;5850;0;0
05/06/2016;;0;3600;0;5850;0;0
06/06/2016;;0;3600;0;5850;0;0
07/06/2016;;0;3600;0;5850;0;0
08/06/2016;;0;3600;0;5850;0;0
09/06/2016;1994.9077;0;3600;0;5850;0;0
10/06/2016;;0;3600;0;5850;0;0
11/06/2016;;0;3600;0;5850;0;1800
12/06/2016;;0;3600;0;5850;0;1800
13/06/2016;;0;3600;0;5850;0;1800
14/06/2016;;0;3600;0;5850;0;1800
15/06/2016;;0;3600;0;5850;0;0
16/06/2016;;0;3600;0;5850;0;0
17/06/2016;;0;3600;0;5850;0;0
18/06/2016;;0;3600;0;5850;0;0
19/06/2016;;0;3600;0;5850;0;0
20/06/2016;;0;3600;0;5850;0;0
21/06/2016;;0;3600;0;5850;0;0
22/06/2016;;;;;;;0
23/06/2016;;;;;;;0
24/06/2016;;;;;;;0
25/06/2016;;;;;;;0
26/06/2016;;;;;;;0
27/06/2016;;;;;;;0
28/06/2016;;;;;;;0
29/06/2016;;;;;;;0
30/06/2016;;;;;;;0
01/07/2016;;;;;;;0
02/07/2016;;;;;;;0
03/07/2016;;;;;;;0
04/07/2016;;;;;;;0
05/07/2016;;;;;;;0
06/07/2016;;;;;;;0
07/07/2016;;;;;;;0
08/07/2016;;;;;;;0
09/07/2016;;;;;;;0
10/07/2016;;;;;;;0
11/07/2016;;;;;;;0
12/07/2016;;;;;;;0
13/07/2016;;;;;;;0
14/07/2016;;;;;;;0
15/07/2016;;;;;;;0
16/07/2016;;;;;;;0
17/07/2016;;;;;;;0
18/07/2016;;;;;;;0
19/07/2016;;;;;;;0
20/07/2016;;;;;;;0
21/07/2016;;;;;;;0
22/07/2016;;;;;;;0
23/07/2016;;;;;;;0
24/07/2016;;;;;;;0
25/07/2016;;;;;;;0
26/07/2016;;;;;;;0
27/07/2016;;;;;;;0
28/07/2016;;;;;;;0
29/07/2016;;;;;;;0
30/07/2016;;;;;;;0
31/07/2016;;;;;;;0
01/08/2016;;;;;;;0
02/08/2016;2365.9081;;;;;;0
03/08/2016;2347.3239;;;;;;0
04/08/2016;2341.8379;;;;;;0
05/08/2016;2458.8288;;;;;;0
06/08/2016;2262.3304;;;;;;0
07/08/2016;2202.2732;;;;;;0
08/08/2016;2093.9706;;;;;;0
09/08/2016;2204898;;;;;;0
10/08/2016;2369.5042;;;;;;0
11/08/2016;2397.7216;;;;;;0
12/08/2016;2304.0659;;;;;;0
13/08/2016;2218.0224;;;;;;0
14/08/2016;2329.1335;;;;;;0
15/08/2016;2229.1519;;;;;;0
16/08/2016;1735.0448;;;;;;0
17/08/2016;1749.3766;;;;;;0
18/08/2016;2031656;;;;;;0
19/08/2016;2276.3472;;;;;;0
20/08/2016;2404.4151;;;;;;0
21/08/2016;2382.4448;;;;;;0
22/08/2016;2257.5268;;;;;;0
23/08/2016;2113.0273;;;;;;0
24/08/2016;2154.8678;;;;;;0
25/08/2016;1892.5375;;;;;;0
26/08/2016;2134.0263;;;;;;0
27/08/2016;2054.86;;;;;;0
28/08/2016;2327.0074;;;;;;0
29/08/2016;2178.6492;;;;;;0
30/08/2016;2196.6559;;;;;;0
31/08/2016;1995.1965;;;;;;0
01/09/2016;2123.5268;;;;;;0
02/09/2016;2247.2373;;;;;;0
03/09/2016;2197.3909;;;;;;0
04/09/2016;2342.5204;;;;;;0
05/09/2016;2305.0634;;;;;;0
06/09/2016;2225.7396;;;;;;0
07/09/2016;2333.2808;;;;;;0
08/09/2016;2268.3151;;;;;;0
09/09/2016;2318424;;;;;;0
10/09/2016;2310.3132;;;;;;0
11/09/2016;2361682;;;;;;0
12/09/2016;;;;;;;0
13/09/2016;;;;;;;0
14/09/2016;2344.2528;;;;;;0
15/09/2016;2361682;;;;;;0
16/09/2016;2304.8797;;;;;;0
17/09/2016;2412.9984;;;;;;0
18/09/2016;2233.4829;;;;;;0
19/09/2016;1921.4111;;;;;;0
20/09/2016;2187.3376;;;;;;0
21/09/2016;2435.9136;;;;;;0
22/09/2016;2443552;;;;;;0
23/09/2016;2321.3376;;;;;;0
24/09/2016;1627.0048;;;;;;0
25/09/2016;1690.4218;;;;;;0
26/09/2016;2189.1488;;;;;;0
27/09/2016;2176.0244;;;;;;0
28/09/2016;1753.4189;;;;;;0
29/09/2016;2328.7136;;;;;;0
30/09/2016;2464.3148;;;;;;0
01/10/2016;2306.7171;;;;;;0
02/10/2016;2204898;;;;;;0
03/10/2016;2223.2722;;;;;;0
04/10/2016;2212.9302;;;;;;0
